Number of Nodes,Brushfire mean,NNs mean,Mean distance,Mean minimun distance,Class
16,24.8125,2.0625,195.6193096371,37.1835338436,1
21,22.1904761905,2.0952380952,246.8053803177,38.486156179,1
20,30.35,2,191.2604460631,41.4837838739,1
1,24,2,,,1
1,26,2,,,1
8,25.5,2,120.7839810243,32.5424693161,1
2,32.5,1.5,31.4006369362,31.4006369362,1
1,35,2,,,1
