Number of Nodes,Brushfire mean,NNs mean,Mean distance,Mean minimun distance,Class
24.0,18.25,2.0833333333333335,110.78427868043234,28.95274522226248,0.0
65.0,19.276923076923076,2.076923076923077,178.53388664591165,23.230171261130323,0.0
14.0,20.428571428571427,2.142857142857143,78.59932822756721,30.294423778801782,0.0
30.0,15.9,2.033333333333333,97.30413866946813,21.476139278789155,0.0
29.0,19.655172413793103,2.0689655172413794,85.78078611525245,23.19954682713538,0.0
15.0,18.666666666666668,2.066666666666667,70.81251872640074,28.526602819109595,0.0
