Number of Nodes,Brushfire mean,NNs mean,Mean distance,Mean minimun distance,Class
46,23.2608695652,2.1086956522,327.7198503476,31.48839025,1
1,27,2,,51.0098029794,1
22,31.1818181818,2.1363636364,170.388224386,33.501849123,1
3,28.6666666667,2,73.4420907167,61.2066583709,1
3,19.3333333333,2,19.9558763477,16.0321073632,1
15,26.3333333333,2.3333333333,98.4349762203,14.613174608,1
2,32.5,1.5,31.4006369362,31.4006369362,1
